frame_name,frame_index,bits_used_in_frame,used_bits_mask,ConfigBits_ranges
frame0,0,32,1111_1111_1111_1111_1111_1111_1111_1111,1111:1080
frame1,1,32,1111_1111_1111_1111_1111_1111_1111_1111,1079:1048
frame2,2,32,1111_1111_1111_1111_1111_1111_1111_1111,1047:1016
frame3,3,32,1111_1111_1111_1111_1111_1111_1111_1111,1015:984
frame4,4,32,1111_1111_1111_1111_1111_1111_1111_1111,983:952
frame5,5,32,1111_1111_1111_1111_1111_1111_1111_1111,951:920
frame6,6,32,1111_1111_1111_1111_1111_1111_1111_1111,919:888
frame7,7,32,1111_1111_1111_1111_1111_1111_1111_1111,887:856
frame8,8,32,1111_1111_1111_1111_1111_1111_1111_1111,855:824
frame9,9,32,1111_1111_1111_1111_1111_1111_1111_1111,823:792
frame10,10,32,1111_1111_1111_1111_1111_1111_1111_1111,791:760
frame11,11,32,1111_1111_1111_1111_1111_1111_1111_1111,759:728
frame12,12,32,1111_1111_1111_1111_1111_1111_1111_1111,727:696
frame13,13,32,1111_1111_1111_1111_1111_1111_1111_1111,695:664
frame14,14,32,1111_1111_1111_1111_1111_1111_1111_1111,663:632
frame15,15,32,1111_1111_1111_1111_1111_1111_1111_1111,631:600
frame16,16,32,1111_1111_1111_1111_1111_1111_1111_1111,599:568
frame17,17,32,1111_1111_1111_1111_1111_1111_1111_1111,567:536
frame18,18,32,1111_1111_1111_1111_1111_1111_1111_1111,535:504
frame19,19,32,1111_1111_1111_1111_1111_1111_1111_1111,503:472
frame20,20,32,1111_1111_1111_1111_1111_1111_1111_1111,471:440
frame21,21,32,1111_1111_1111_1111_1111_1111_1111_1111,439:408
frame22,22,32,1111_1111_1111_1111_1111_1111_1111_1111,407:376
frame23,23,32,1111_1111_1111_1111_1111_1111_1111_1111,375:344
frame24,24,32,1111_1111_1111_1111_1111_1111_1111_1111,343:312
frame25,25,32,1111_1111_1111_1111_1111_1111_1111_1111,311:280
frame26,26,32,1111_1111_1111_1111_1111_1111_1111_1111,279:248
frame27,27,32,1111_1111_1111_1111_1111_1111_1111_1111,247:216
frame28,28,32,1111_1111_1111_1111_1111_1111_1111_1111,215:184
frame29,29,32,1111_1111_1111_1111_1111_1111_1111_1111,183:152
frame30,30,32,1111_1111_1111_1111_1111_1111_1111_1111,151:120
frame31,31,32,1111_1111_1111_1111_1111_1111_1111_1111,119:88
frame32,32,32,1111_1111_1111_1111_1111_1111_1111_1111,87:56
frame33,33,32,1111_1111_1111_1111_1111_1111_1111_1111,55:24
frame34,34,24,1111_1111_1111_1111_1111_1111_0000_0000,23:0
frame35,35,0,0000_0000_0000_0000_0000_0000_0000_0000,# NULL
frame36,36,0,0000_0000_0000_0000_0000_0000_0000_0000,# NULL
frame37,37,0,0000_0000_0000_0000_0000_0000_0000_0000,# NULL
frame38,38,0,0000_0000_0000_0000_0000_0000_0000_0000,# NULL
frame39,39,0,0000_0000_0000_0000_0000_0000_0000_0000,# NULL
frame40,40,0,0000_0000_0000_0000_0000_0000_0000_0000,# NULL
frame41,41,0,0000_0000_0000_0000_0000_0000_0000_0000,# NULL
frame42,42,0,0000_0000_0000_0000_0000_0000_0000_0000,# NULL
frame43,43,0,0000_0000_0000_0000_0000_0000_0000_0000,# NULL
frame44,44,0,0000_0000_0000_0000_0000_0000_0000_0000,# NULL
frame45,45,0,0000_0000_0000_0000_0000_0000_0000_0000,# NULL
frame46,46,0,0000_0000_0000_0000_0000_0000_0000_0000,# NULL
