# Preserve the reference inter-tile interface; only local JUMPs differ.
NORTH,N1BEG,0,-1,N1END,4
NORTH,N2BEG,0,-1,N2MID,8
NORTH,N2BEGb,0,-1,N2END,8
NORTH,N4BEG,0,-4,N4END,4
NORTH,NN4BEG,0,-4,NN4END,4
EAST,E1BEG,1,0,E1END,4
EAST,E2BEG,1,0,E2MID,8
EAST,E2BEGb,1,0,E2END,8
EAST,EE4BEG,4,0,EE4END,4
EAST,E6BEG,6,0,E6END,2
SOUTH,S1BEG,0,1,S1END,4
SOUTH,S2BEG,0,1,S2MID,8
SOUTH,S2BEGb,0,1,S2END,8
SOUTH,S4BEG,0,4,S4END,4
SOUTH,SS4BEG,0,4,SS4END,4
WEST,W1BEG,-1,0,W1END,4
WEST,W2BEG,-1,0,W2MID,8
WEST,W2BEGb,-1,0,W2END,8
WEST,WW4BEG,-4,0,WW4END,4
WEST,W6BEG,-6,0,W6END,2
JUMP,JN2BEG,0,0,JN2END,8
JUMP,JE2BEG,0,0,JE2END,8
JUMP,JS2BEG,0,0,JS2END,8
JUMP,JW2BEG,0,0,JW2END,8
JUMP,NULL,0,0,GND,1
JUMP,NULL,0,0,VCC,1
JUMP,J_SR_BEG,0,0,J_SR_END,1
JUMP,J_EN_BEG,0,0,J_EN_END,1
JUMP,HBEG,0,0,HEND,64
JUMP,OSELBEG,0,0,OSELEND,16
